{
  "versions": [
    {
      "bios": "2021-01-19_d6d37c0",
      "bios_me": true,
      "bios_set": false,
      "ec": "2021-01-19_d6d37c0",
      "me": "14.0.10.1204",
      "me_hap": false,
      "me_cr": false,
      "description": "Support customizing keyboard at runtime, prevent wake when lid is closed, update boot options on device hotplug, add fan toggle key (Fn+1), and clear NVRAM when CMOS battery is removed"
    },
    {
      "bios": "2020-09-22_904cee4",
      "bios_me": true,
      "bios_set": false,
      "ec": "2020-09-22_904cee4",
      "me": "14.0.10.1204",
      "me_hap": false,
      "me_cr": false,
      "description": "Transition to open EC, enable i2c-hid touchpad interface, enable ACPI backlight, add firmware configuration information, add UEFI TPM2 support, add ACPI thermal interface, and fix allocation of memory type range registers"
    },
    {
      "bios": "2020-05-20_de5eab8",
      "bios_me": true,
      "bios_set": false,
      "ec": "1.07.02",
      "me": "14.0.10.1204",
      "me_hap": false,
      "me_cr": false,
      "description": "Warn if no bootable media is found"
    },
    {
      "bios": "2020-02-05_d4bae8b",
      "bios_me": true,
      "bios_set": false,
      "ec": "1.07.02",
      "me": "14.0.10.1204",
      "me_hap": false,
      "me_cr": false,
      "description": "Use descriptive device names, only show bootable devices"
    },
    {
      "bios": "2020-01-13_ecadc57",
      "bios_me": true,
      "bios_set": false,
      "ec": "1.07.02",
      "me": "14.0.10.1204",
      "me_hap": false,
      "me_cr": false,
      "description": "Fix NVIDIA eGPU issues and improve boot order editing"
    },
    {
      "bios": "2019-10-31_cca6ad0",
      "bios_me": true,
      "bios_set": false,
      "ec": "1.07.02",
      "me": "14.0.10.1204",
      "me_hap": false,
      "me_cr": false,
      "description": "Original firmware"
    }
  ]
}
